desc,CPU,RAM,score,total_score
Fix API,45,487,71.9164904342177,146.85824521710884
Write Report,35,431,12.394599312807525,102.89729965640376
Test Module,16,360,34.01772197938425,93.80886098969212
Update Script,52,345,54.897880489235256,112.04894024461763
Analyze Document,59,393,62.71209519974982,127.65604759987492
asdasd,27,477,64.46701799518235,135.73350899759117
Fix API,75,61,48.59443543025036,58.99721771512518
Write Report,47,282,45.723650044080124,93.36182502204007
Test Module,14,453,18.17697562567343,103.88848781283673
Fix API,9,360,19.466858409006377,84.4334292045032
Write Report,76,270,16.092618309478528,84.84630915473926
Test Module,43,381,75.74029682023772,126.97014841011887
Update Script,68,235,49.80096536954651,92.30048268477326
Analyze Document,49,350,68.25077441143316,118.82538720571658
Fix API,24,290,43.41486903007845,86.90743451503923
Write Report,5,475,56.41404087069197,124.70702043534598
Test Module,5,213,72.77151976940237,80.4857598847012
Update Script,5,132,63.309011332542795,59.554505666271396
Analyze Document,70,217,26.577784361791128,77.68889218089556
Fix API,62,249,34.79719667417561,85.79859833708781
Write Report,57,128,37.28387796988481,61.34193898494241
Test Module,45,375,47.216348998308185,112.10817449915409
Update Script,5,253,54.255229629876624,79.2276148149383
Analyze Document,25,434,58.355573282985134,123.47778664149257
Fix API,24,149,25.34588833953948,49.67294416976974
Write Report,59,146,33.16480598719842,63.482402993599216
Test Module,55,162,78.34022516394076,88.07011258197038
Update Script,23,266,24.41151515145252,72.30575757572626
Analyze Document,61,252,53.04827936241913,95.22413968120956
Fix API,10,221,24.54894280401194,59.474471402005975
Write Report,79,459,77.030061740752,154.01503087037602
Test Module,70,278,72.01410857852272,112.60705428926136
Update Script,55,440,44.774535772140794,126.88726788607039
Analyze Document,32,445,71.34386455407092,134.27193227703546
Fix API,75,280,54.839802466795646,105.91990123339782
Write Report,47,219,34.5092177399949,75.15460886999746
Test Module,34,129,19.926410086732275,45.96320504336614
Update Script,69,372,15.230653411557942,102.71532670577898
Analyze Document,21,295,13.645419465560465,72.12270973278024
Fix API,59,193,32.64572837992107,72.62286418996052
Write Report,11,169,38.06771521889036,56.13385760944519
Test Module,7,87,69.39557994954015,54.197789974770075
Update Script,15,458,60.846947791460096,126.52347389573006
Analyze Document,59,381,23.876670185237877,105.83833509261895
Fix API,49,316,45.707221585874166,100.75361079293708
Write Report,63,214,10.77625673170852,67.08812836585426
Test Module,15,231,77.97200787128573,89.68600393564287
Update Script,79,104,53.112907055375715,71.05645352768786
Analyze Document,9,171,39.725122460401174,56.76256123020059
Fix API,49,382,25.614840497695106,103.90742024884756
Write Report,53,328,49.27416901548449,106.13708450774224
Test Module,5,250,77.77811475117613,90.38905737558807
Update Script,6,322,16.77476471307493,74.58738235653746
Analyze Document,63,238,75.60696334518583,104.30348167259291
Fix API,42,445,19.600060159716506,111.40003007985825
Write Report,53,235,79.55649090061856,102.67824545030928
Test Module,45,483,16.946335820939233,118.57316791046962
Update Script,8,450,33.581860560531,109.1909302802655
Analyze Document,20,354,77.83014288538621,115.7150714426931
Fix API,5,194,12.475984842963339,46.537992421481675
Write Report,12,473,50.881610668953236,123.64080533447662
Test Module,62,360,69.87482091479416,125.53741045739707
Update Script,54,331,57.83248476830003,111.31624238415002
Analyze Document,31,350,55.00018767320675,106.80009383660337
Fix API,32,78,68.55196101011012,59.47598050505506
Write Report,35,287,46.5970012592749,91.19850062963745
Test Module,45,206,10.802426187682215,60.10121309384111
Update Script,73,461,34.65920458761322,131.4296022938066
Analyze Document,72,146,55.19591987200658,78.39795993600329
Fix API,23,121,27.60499058707811,44.902495293539054
Write Report,21,479,54.49102656686247,129.34551328343125
Test Module,24,474,23.85379095657163,113.92689547828583
Update Script,52,455,79.48927982243414,146.34463991121706
Analyze Document,16,111,67.87843737048374,60.93921868524187
Fix API,77,63,69.60900392899399,70.504501964497
Write Report,24,81,30.252034122286208,38.5260170611431
Test Module,34,286,55.79874968786315,95.29937484393159
Update Script,32,450,65.5611496189766,132.38057480948828
Analyze Document,31,497,79.97180336769638,148.6859016838482
Fix API,72,139,76.07493046563063,87.43746523281531
Write Report,70,452,30.924935805886975,126.8624679029435
Test Module,47,134,61.94263768947965,71.87131884473982
Update Script,62,163,25.93872464155176,64.16936232077589
Analyze Document,25,78,53.36024446121489,49.78012223060745
Fix API,58,381,20.996413844597026,104.0982069222985
Write Report,7,266,15.019139892192626,62.80956994609632
Test Module,11,225,76.47721511587967,86.53860755793983
Update Script,36,415,70.50277039480795,129.051385197404
Analyze Document,48,342,51.79564209324847,108.69782104662424
Fix API,44,420,76.80714953739745,135.60357476869873
Write Report,23,357,53.69833576021295,105.14916788010649
Test Module,7,237,28.275611077133515,63.63780553856677
Update Script,26,50,20.107135570089177,27.85356778504459
Analyze Document,51,491,18.2373891100488,122.6186945550244
Fix API,16,426,60.952618567419194,120.4763092837096
Write Report,22,155,45.10917903977751,60.15458951988876
Test Module,23,469,67.2182173724818,134.3091086862409
Update Script,16,215,73.82145542824838,84.71072771412419
Analyze Document,41,236,22.111741317821952,70.55587065891098
Fix API,57,212,12.343179605677655,65.67158980283882
Write Report,72,174,55.585326820183724,84.19266341009187
Test Module,75,138,34.017407067882345,67.10870353394117
Update Script,65,338,63.766350398816755,118.98317519940838
Analyze Document,5,179,26.282851694816852,50.44142584740843
Fix API,17,444,29.2754275042266,108.5377137521133
Write Report,25,261,32.95754276438099,76.17877138219049
Test Module,9,293,79.01762233375133,100.80881116687567
Update Script,23,399,31.580590738594648,102.49029536929734
Analyze Document,19,408,60.3844585291952,117.49222926459761
Fix API,77,394,68.71668350155905,136.25834175077952
Write Report,25,278,24.827078892035374,75.51353944601769
Test Module,38,382,57.45178941981715,116.52589470990858
Update Script,71,349,70.37057960929727,126.28528980464863
Analyze Document,44,325,72.17627258871764,114.28813629435882
Fix API,29,369,12.57529369978245,88.78764684989122
Write Report,41,63,14.793849062831082,32.29692453141554
Test Module,40,475,29.921264874801505,121.96063243740075
Update Script,35,339,26.781230042529614,91.6906150212648
Analyze Document,59,195,57.6509889087082,85.5254944543541
Fix API,61,50,43.611911856280294,50.10595592814015
Write Report,43,248,67.84279957704832,96.42139978852416
Test Module,18,201,52.203169095637215,71.70158454781861
Update Script,22,399,54.04959102762231,113.42479551381116
Analyze Document,48,56,26.161821211296477,38.680910605648236
Fix API,11,100,53.8998811847546,50.2499405923773
Write Report,77,419,32.185038590135306,122.99251929506767
Test Module,72,187,69.70609161165964,93.85304580582982
Update Script,8,343,76.4009882397574,109.20049411987871
Analyze Document,57,436,76.1624106642856,142.3812053321428
Fix API,79,360,67.58832585686216,129.49416292843108
Write Report,46,276,15.352326614264438,76.67616330713221
Test Module,14,155,68.7329920639253,69.56649603196266
Update Script,17,280,52.52960229611017,87.36480114805508
Analyze Document,37,388,13.981212944342882,95.69060647217144
Fix API,29,107,50.889804855602314,55.54490242780116
Write Report,58,483,78.54943474977183,153.2747173748859
Test Module,10,306,50.48295265002409,89.44147632501205
Update Script,36,268,42.0918611923907,85.44593059619535
Analyze Document,53,496,72.88244929953767,151.54122464976882
Fix API,28,465,60.103017624113235,131.45150881205663
Write Report,66,484,31.40625772320964,132.30312886160482
Test Module,27,475,29.00499653456618,117.60249826728308
Update Script,63,246,57.84821711704091,97.02410855852045
Analyze Document,62,229,39.29648380421921,84.04824190210961
Fix API,19,331,26.923786953503082,85.36189347675155
Write Report,36,466,33.37799352071334,120.68899676035667
Test Module,64,425,34.760250746574265,121.58012537328713
Update Script,20,60,17.613366111098472,26.806683055549236
Analyze Document,70,379,69.49054158737414,131.54527079368705
Fix API,12,186,14.40544281810627,48.00272140905314
Write Report,14,247,23.811962562875106,65.50598128143756
Test Module,44,183,12.926799794852446,56.26339989742622
Update Script,63,221,24.037040175726602,75.1185200878633
Analyze Document,76,72,10.30721920780272,42.35360960390136
Fix API,70,208,12.738242503946925,68.96912125197346
Write Report,31,181,27.603137668249243,59.30156883412462
Test Module,49,73,64.89247347154966,61.74623673577483
Update Script,77,229,61.05690895489673,99.42845447744837
Analyze Document,53,487,21.105875216683344,123.85293760834168
Fix API,70,327,48.24922537152383,110.52461268576192
Write Report,20,110,24.807162986106444,40.403581493053224
Test Module,61,390,11.498474373960045,102.04923718698002
Update Script,26,396,17.1448873627539,95.57244368137695
Analyze Document,49,331,58.69060122247974,110.24530061123988
Fix API,17,100,16.297338259192873,33.248669129596436
Write Report,64,314,10.880987819025194,87.4404939095126
Test Module,50,373,15.29889962825019,97.2494498141251
Update Script,36,375,16.755596633863746,94.17779831693187
Analyze Document,49,164,31.840010319218404,63.420005159609204
Fix API,38,295,70.02180770161984,105.41090385080992
Write Report,11,194,70.32484165349078,77.2624208267454
Test Module,51,220,66.19413152049893,92.39706576024946
Update Script,40,194,17.849578666400376,59.72478933320019
Analyze Document,23,138,24.046377652332158,46.52318882616608
Fix API,52,301,68.48956653088939,110.04478326544469
Write Report,68,92,61.0367073915792,69.3183536957896
Test Module,73,295,48.034152339126585,104.9170761695633
Update Script,59,282,51.678010660273806,99.93900533013691
Analyze Document,8,96,31.141461762700217,37.17073088135011
Fix API,38,210,54.23369921256512,80.51684960628256
Write Report,73,194,72.20024162462491,96.80012081231246
Test Module,44,268,56.166475475801874,94.88323773790094
Update Script,27,392,54.63499542892979,113.81749771446489
Analyze Document,74,350,78.60320327135727,131.50160163567864
Fix API,42,233,36.233042455283126,77.31652122764157
Write Report,46,278,77.54287381393458,108.1714369069673
Test Module,79,253,58.68435047935937,103.64217523967969
Update Script,53,54,69.83878536103258,61.619392680516285
Analyze Document,13,436,34.343993064404756,108.2719965322024
Fix API,29,416,24.891091964182884,104.34554598209145
Write Report,24,367,62.72750957635145,111.96375478817573
Test Module,30,118,20.608811951405933,42.90440597570297
Update Script,50,304,28.044717576311722,89.82235878815587
Analyze Document,61,472,29.17945240518437,127.28972620259219
Fix API,71,115,45.499153831509545,67.04957691575477
Write Report,31,223,45.70700243265462,76.75350121632731
Test Module,64,57,14.426856699802457,37.81342834990123
Update Script,47,153,40.67724725561358,65.0386236278068
Analyze Document,64,267,46.9535987450291,96.07679937251456
Fix API,37,408,37.549239726306766,111.47461986315338
Write Report,55,101,76.46652561919095,74.93326280959548
Test Module,42,285,57.77135395287321,98.4856769764366
Update Script,48,382,42.502427699441505,112.05121384972077
Analyze Document,78,254,24.518880174826535,86.45944008741327
Fix API,40,395,65.04014180142661,123.5200709007133
Write Report,35,309,57.96027222131147,101.28013611065575
Test Module,79,212,31.803907234149708,82.00195361707486
Update Script,52,413,46.04723544112781,121.22361772056391
Analyze Document,41,499,46.79834755809527,135.49917377904765
Fix API,63,379,62.28533978377191,125.84266989188595
Write Report,40,364,71.3529326845267,120.47646634226335
Test Module,69,160,41.178033547709795,73.2890167738549
Update Script,17,112,76.56801112571101,65.7840055628555
Analyze Document,58,136,67.95323438487918,78.57661719243958
Fix API,55,394,39.29097430713358,114.9454871535668
Write Report,33,254,10.228046067890592,65.8140230339453
Test Module,34,55,74.64794310311073,58.52397155155536
Update Script,12,368,10.339931528058806,82.3699657640294
Analyze Document,47,354,53.47246381230525,111.63623190615262
Fix API,40,133,59.951266816020116,68.57563340801006
Write Report,65,77,13.248187329221457,41.524093664610724
Test Module,51,483,64.01883023003481,143.9094151150174
Update Script,7,485,23.608338116248547,110.90416905812427
Analyze Document,29,57,79.88596112753811,60.042980563769056
Fix API,73,217,70.863998185703,100.73199909285151
Write Report,80,176,79.09798153771351,98.74899076885676
Test Module,72,69,38.15843881411146,54.47921940705573
Update Script,33,161,73.6323099601332,78.91615498006661
Analyze Document,16,145,60.59900284513704,64.09950142256852
Fix API,30,493,42.684831209314424,128.9424156046572
Write Report,62,251,60.61008577738217,99.10504288869109
Test Module,31,480,29.427765351635603,120.0138826758178
Update Script,70,116,50.36013273689097,69.38006636844548
Analyze Document,40,131,26.565969534583896,51.48298476729195
Fix API,15,219,56.67370962394931,76.63685481197466
Write Report,53,232,31.866145459058664,78.23307272952934
Test Module,5,242,58.503809547425334,79.15190477371267
Update Script,17,201,39.24136217493003,64.92068108746503
Analyze Document,69,181,12.621739104514967,63.21086955225749
Fix API,56,78,49.09393793752498,56.94696896876249
Write Report,50,429,68.84456459726272,135.22228229863137
Test Module,39,324,18.390416529370675,85.69520826468533
Update Script,55,67,24.686143085592565,42.24307154279628
Analyze Document,46,258,33.23192217516474,82.01596108758238
Fix API,25,322,77.57218759815702,110.68609379907852
Write Report,21,441,14.60733649444752,101.80366824722375
Test Module,79,289,75.76084284824,119.38042142412
Update Script,14,447,20.645605028274105,103.92280251413706
Analyze Document,24,476,32.75407591535162,118.77703795767582
Fix API,47,50,39.045438780033656,43.622719390016826
Write Report,51,252,51.4710735495484,91.4355367747742
Test Module,66,451,33.38969390700046,126.69484695350023
Update Script,65,279,31.085978921076098,90.84298946053806
Analyze Document,55,340,49.827759569334376,109.41387978466719
Fix API,40,441,22.67181924882331,111.53590962441166
Write Report,16,490,22.95248383255772,114.27624191627886
Test Module,62,152,74.04486203140041,86.0224310157002
Update Script,53,145,35.70912566095104,62.75456283047552
Analyze Document,37,418,66.08733128630462,127.74366564315231
Fix API,27,234,13.197917397351288,61.49895869867565
Write Report,64,158,59.64099102629622,80.62049551314811
Test Module,71,446,76.52570103265056,148.76285051632527
Update Script,76,289,50.26947419330203,105.73473709665103
Analyze Document,14,236,56.06216236352025,79.43108118176013
Fix API,52,353,71.60951294921483,122.00475647460742
Write Report,35,128,18.533046771967165,45.366523385983584
Test Module,69,335,40.63323308133526,108.01661654066763
Update Script,35,92,60.52650677522475,59.16325338761238
Analyze Document,27,125,25.33316143560276,45.76658071780138
Fix API,70,231,38.83190961744813,86.61595480872407
Write Report,66,219,22.913363771358096,75.05668188567905
Test Module,35,206,54.762315995082304,79.08115799754115
Update Script,45,417,41.01424143327901,117.40712071663951
Analyze Document,41,483,69.46395843189543,143.63197921594772
Fix API,12,407,26.455307814261804,98.2276539071309
Write Report,18,436,64.78961665156717,124.9948083257836
Test Module,71,435,75.68020321273806,146.14010160636903
Update Script,13,419,79.18361116215115,127.2918055810756
Analyze Document,69,291,21.51336080833137,89.65668040416568
Fix API,28,415,16.340730855351616,99.57036542767581
Write Report,34,273,43.20038301350448,86.40019150675224
Test Module,21,397,21.336676335159265,96.36833816757964
Update Script,62,352,10.476384577871032,94.23819228893552
Analyze Document,5,310,23.043020089580512,75.02151004479026
Fix API,35,484,77.63441415596682,146.11720707798344
Write Report,5,497,73.95847729411798,137.879238647059
Test Module,8,107,19.69075438781514,33.64537719390757
Update Script,44,383,36.37313513332691,107.98656756666347
Analyze Document,58,384,11.635669195807356,100.0178345979037
Fix API,15,66,26.81598397358368,31.107991986791845
Write Report,65,295,30.523653364692542,93.76182668234627
Test Module,44,423,29.30821128975794,112.45410564487898
Update Script,46,153,25.672781217713034,57.23639060885652
Analyze Document,68,374,20.23964934286231,105.31982467143115
Fix API,13,90,79.90240773870703,61.85120386935351
Write Report,49,292,63.60711866634239,104.9035593331712
Test Module,31,402,18.761075789000675,99.08053789450034
Update Script,47,143,24.89225048284115,55.14612524142058
Analyze Document,35,206,49.265603714053384,76.3328018570267
Fix API,40,206,57.28529218885464,81.84264609442732
Write Report,33,138,45.51500672181016,60.257503360905076
Test Module,45,325,41.445887458607764,99.22294372930388
Update Script,10,341,71.95163453430324,107.17581726715161
Analyze Document,29,272,50.31301555550832,88.25650777775417
Fix API,11,192,23.431126945858715,53.415563472929364
Write Report,54,170,19.12246797971698,59.761233989858496
Test Module,68,453,59.32213744338476,140.66106872169237
Update Script,15,261,31.10059473802485,72.25029736901243
Analyze Document,12,346,35.83846519052944,90.71923259526471
Fix API,36,122,60.98335583327248,65.69167791663625
Write Report,13,441,71.82941349627009,128.01470674813504
Test Module,14,338,17.515464025945988,80.557732012973
Update Script,67,108,29.361276646460574,56.380638323230286
Analyze Document,44,218,33.44525233070004,73.52262616535002
Fix API,18,67,69.80757265202112,53.70378632601056
Write Report,40,254,53.357337023615294,89.47866851180765
Test Module,23,180,11.783462794380297,48.79173139719015
Update Script,64,342,54.40814670833519,114.8040733541676
Analyze Document,62,290,11.89482938900119,82.54741469450059
Fix API,7,53,34.327904383404174,29.86395219170209
Write Report,60,327,28.73773451608232,97.76886725804117
Test Module,16,446,16.125822376550197,102.0629111882751
Update Script,51,337,33.08408717093723,99.24204358546862
Analyze Document,38,423,47.66511878598146,119.83255939299075
Fix API,32,152,22.415036109201594,51.2075180546008
Write Report,34,392,74.98260752121439,126.0913037606072
Test Module,18,143,44.940746405483324,56.47037320274166
Update Script,77,298,30.594515151391956,97.99725757569598
Analyze Document,72,255,39.907581272436104,92.55379063621805
Fix API,77,473,13.40579228740193,124.40289614370097
Write Report,12,248,60.86924571565697,83.63462285782849
Test Module,27,139,20.609871823738473,46.204935911869235
Update Script,9,195,63.304126453915096,73.35206322695755
Analyze Document,5,111,15.328684734824567,31.364342367412284
Fix API,14,176,36.974922840738984,57.8874614203695
Write Report,38,162,12.355398507717144,49.97769925385857
Test Module,48,406,72.16441198495235,131.68220599247616
Update Script,16,149,28.87144313500967,49.03572156750484
Analyze Document,71,382,57.81295009204575,126.60647504602288
Fix API,53,125,33.831475124933476,57.81573756246674
Write Report,57,165,64.55499036224037,82.37749518112018
Test Module,53,87,74.966333628988,70.783166814494
Update Script,75,362,66.45731740073373,128.12865870036688
Analyze Document,30,161,27.864978371904126,55.13248918595207
Fix API,56,192,37.55622713747436,73.97811356873719
Write Report,37,395,73.33817549538307,126.76908774769153
Test Module,76,329,45.36689251621602,111.283446258108
Update Script,28,57,72.87480503522355,56.23740251761177
Analyze Document,27,119,32.72092227651147,48.260461138255735
Fix API,80,469,18.908688739998272,127.25434436999915
Write Report,69,479,40.42842704452092,136.71421352226048
Test Module,60,472,13.37051866480952,119.08525933240476
Update Script,6,393,37.234433343136274,99.01721667156815
Analyze Document,57,278,72.17552837674617,108.78776418837309
Fix API,61,380,37.1452003200642,112.87260016003209
Write Report,58,225,29.811943089871612,77.3059715449358
Test Module,45,265,24.628575388360503,78.81428769418025
Update Script,16,51,69.35870266699192,49.67935133349596
Analyze Document,53,459,13.532566427406922,114.46628321370348
Fix API,5,356,14.89659062785645,80.14829531392823
Write Report,28,435,53.20778085632487,122.00389042816244
Test Module,76,71,34.01564351695998,54.00782175847999
Update Script,72,260,77.0702020442586,112.13510102212929
Analyze Document,27,257,30.391006715956703,74.69550335797835
Fix API,63,463,25.451038845376118,124.22551942268805
Write Report,65,275,68.76224965842863,108.88112482921431
Test Module,14,96,12.346528003990015,29.57326400199501
Update Script,38,328,12.116773409725186,83.05838670486261
Analyze Document,35,457,43.15765433623677,123.47882716811839
Fix API,7,104,18.244810420587086,32.02240521029354
Write Report,57,445,68.87206003112979,140.5360300155649
Test Module,39,98,12.451421018040538,37.52571050902027
Update Script,18,284,42.76314060053214,83.58157030026607
Analyze Document,49,214,77.07813351063177,96.03906675531589
Fix API,48,393,17.17834322894179,101.5891716144709
Write Report,76,124,12.061623764897742,53.630811882448874
Test Module,27,360,48.861835446534016,104.53091772326701
Update Script,16,223,14.840712110916398,56.8203560554582
Analyze Document,70,142,42.994762255496255,70.89738112774813
Fix API,79,230,16.912243389606015,78.156121694803
Write Report,39,142,60.146120024091246,70.17306001204562
Test Module,39,260,56.18516543167155,91.79258271583578
Update Script,7,420,79.90418432959234,126.05209216479616
Analyze Document,30,442,25.599648449442725,110.19982422472137
Fix API,52,152,57.54093513037378,74.77046756518689
Write Report,23,398,66.50166561469341,119.75083280734671
Test Module,80,68,62.56132907217754,68.88066453608877
Update Script,64,453,50.03258199837007,134.81629099918504
Analyze Document,53,265,51.779484462694676,94.78974223134735
Fix API,29,310,16.655589695352813,79.0277948476764
Write Report,56,69,42.34185824669602,51.77092912334801
Test Module,41,118,12.283333957395161,42.04166697869758
Update Script,60,185,35.78771458342724,72.89385729171362
Analyze Document,37,122,65.76466642487796,68.38233321243898
Fix API,54,415,71.94207460516427,135.17103730258214
Write Report,47,366,47.7607698365954,111.1803849182977
Test Module,28,383,42.97270822710564,106.48635411355284
Update Script,14,157,29.512924724527966,50.35646236226398
Analyze Document,43,175,22.660124917150355,59.230062458575176
Fix API,74,137,70.34293019389361,84.7714650969468
Write Report,24,460,12.700758755006172,105.55037937750309
Test Module,9,201,50.55145462853973,68.17572731426986
Update Script,23,319,46.411855852912446,93.90592792645623
Analyze Document,52,298,46.01114645613551,98.20557322806776
Fix API,73,106,53.1996819255247,69.69984096276235
Write Report,9,85,16.79954321408783,28.099771607043913
Test Module,40,369,32.58877380520189,102.09438690260095
Update Script,20,174,34.946489290650874,58.27324464532544
Analyze Document,43,400,76.16004552204978,130.98002276102488
Fix API,57,409,14.168203983346057,105.98410199167303
Write Report,47,241,44.85858578553578,84.72929289276789
Test Module,39,269,78.73290635280546,104.86645317640273
Update Script,19,364,61.20636078537973,109.10318039268986
Analyze Document,70,148,48.52580982162827,74.86290491081414
Fix API,70,60,10.77527277795731,38.387636388978656
Write Report,57,409,77.482526829251,137.6412634146255
Test Module,25,77,21.10014638855358,33.45007319427679
Update Script,66,392,45.05679238687535,120.72839619343767
Analyze Document,68,449,75.05197508512494,147.72598754256248
Fix API,71,258,39.487838809130274,92.64391940456514
Write Report,24,393,13.441427639252254,92.52071381962614
Test Module,38,103,57.386927773517876,60.693463886758934
Update Script,9,259,13.867120768973292,61.433560384486654
Analyze Document,36,267,69.5477232439229,98.97386162196145
Fix API,20,102,43.983480319493445,48.391740159746725
Write Report,5,342,77.498646187502,108.64932309375101
Test Module,68,496,73.79114365325313,156.49557182662656
Update Script,14,300,79.54489029935623,103.97244514967812
Analyze Document,68,266,51.282716458128874,99.24135822906443
Fix API,52,314,65.41825665478592,111.10912832739297
Write Report,57,357,28.84068702241471,102.92034351120735
Test Module,27,427,59.74111342593763,123.3705567129688
Update Script,31,390,47.23493883575764,110.91746941787882
Analyze Document,17,393,17.591360947487438,92.49568047374372
Fix API,65,86,44.918131708611305,59.15906585430565
Write Report,26,67,22.67544106675784,32.537720533378916
Test Module,12,403,57.158275542703215,112.77913777135161
Update Script,43,217,46.90870113028287,79.75435056514144
Analyze Document,47,334,77.54754155878011,119.67377077939005
Fix API,37,249,23.100373415947974,72.450186707974
Write Report,35,411,33.21219717283992,109.30609858641996
Test Module,41,194,42.672329414933664,72.43616470746683
Update Script,26,201,60.24633925251386,78.12316962625692
Analyze Document,57,151,26.14844358442097,60.374221792210484
Fix API,58,446,74.64830606465591,143.92415303232795
Write Report,37,423,43.350351877205675,117.37517593860284
Test Module,27,268,78.57429740514205,100.98714870257103
Update Script,74,137,22.060614519473518,60.63030725973676
Analyze Document,13,308,15.677440560821351,73.33872028041067
Fix API,21,152,28.66486664258312,51.03243332129156
Write Report,35,430,55.867502084075234,124.43375104203761
Test Module,41,346,58.040444096951475,110.52022204847574
Update Script,60,363,48.48125754978046,114.84062877489023
Analyze Document,61,260,32.92045842912687,86.76022921456342
Fix API,80,454,79.45384582489169,154.52692291244585
Write Report,55,465,20.293088223707038,119.64654411185352
Test Module,16,378,16.97002129973655,88.88501064986828
Update Script,41,337,45.07047182797154,102.23523591398578
Analyze Document,80,450,69.10623180466104,148.55311590233052
Fix API,71,120,71.48130508124426,81.04065254062212
Write Report,20,146,47.20229396243291,58.80114698121646
Test Module,51,51,65.87485350747212,58.43742675373606
Update Script,39,479,26.23234518613077,120.6161725930654
Analyze Document,53,143,32.93573516256532,60.96786758128266
Fix API,21,426,46.69323064373066,114.84661532186533
Write Report,18,177,31.74943678618566,56.67471839309283
Test Module,63,336,46.58828606188348,109.39414303094173
Update Script,44,222,70.93008864349167,93.06504432174584
Analyze Document,69,71,59.88807252806503,64.84403626403251
Fix API,37,307,48.997542622202786,96.9987713111014
Write Report,64,460,36.251333088855674,129.32566654442783
Test Module,78,241,42.172994278359056,92.68649713917952
Update Script,58,295,21.256501747215687,87.02825087360785
Analyze Document,53,397,44.25011484053247,117.42505742026624
Fix API,71,73,41.521760232590765,56.66088011629539
Write Report,31,99,76.5539717896705,67.37698589483526
Test Module,32,76,74.16821139709367,61.88410569854683
Update Script,51,442,78.31055070569404,142.85527535284703
Analyze Document,43,175,73.95407688397617,84.87703844198808
Fix API,63,85,68.8268504480342,70.3134252240171
Write Report,74,420,11.709721454484335,112.05486072724217
Test Module,74,306,30.27314113463532,98.53657056731767
Update Script,66,146,45.30750949667689,71.65375474833844
Analyze Document,70,235,38.17277632179638,87.0863881608982
Fix API,8,60,39.29490671332036,34.04745335666018
Write Report,73,500,65.8079091402056,154.8039545701028
Test Module,38,478,24.88088706528917,119.4404435326446
Update Script,17,445,26.0996578378668,107.1498289189334
Analyze Document,43,462,50.6041259203953,130.60206296019766
Fix API,8,407,59.90381902307506,113.75190951153755
Write Report,39,407,65.48022648936106,125.84011324468054
Test Module,53,432,49.07038097641569,126.83519048820786
Update Script,59,51,69.05732929844743,62.42866464922371
Analyze Document,73,154,43.2389371487413,74.31946857437066
Fix API,71,498,48.73264986559932,145.26632493279968
Write Report,23,170,28.816546926134066,55.30827346306703
Test Module,43,128,27.365876620305528,52.182938310152764
Update Script,51,314,44.37909590037956,100.28954795018979
Analyze Document,71,302,30.18879155934698,96.7943957796735
Fix API,37,94,68.1221066546048,63.9610533273024
Write Report,39,258,42.17135113966654,84.38567556983327
Test Module,18,379,27.19872585187673,94.79936292593837
Update Script,28,275,18.484780280770558,72.64239014038527
Analyze Document,70,51,32.563185375828965,47.481592687914485
Fix API,78,267,45.39029048435294,99.49514524217648
Write Report,14,183,30.656138306360138,56.12806915318007
Test Module,48,253,57.082834529982414,93.54141726499121
Update Script,38,316,75.09247676157455,112.14623838078728
Analyze Document,21,116,12.90683995047046,35.953419975235235
Fix API,47,307,73.22279916301913,112.11139958150957
Write Report,10,240,34.749533066663375,68.3747665333317
Test Module,79,72,79.59126146067817,77.8956307303391
Update Script,37,61,19.125756387636173,32.86287819381809
Analyze Document,69,472,53.08830148403711,141.64415074201855
Fix API,49,67,23.177288902465015,39.688644451232506
Write Report,70,332,11.50832822109791,93.15416411054896
Test Module,26,160,26.53508631145838,53.06754315572918
Update Script,53,119,46.90112816627564,63.15056408313782
Analyze Document,59,279,32.40623115210569,89.70311557605285
Fix API,11,260,24.259095288561255,67.42954764428063
Write Report,64,252,37.3989568443973,88.29947842219866
Test Module,30,367,12.43475550186458,88.61737775093229
Update Script,64,407,66.17098438132139,133.6854921906607
Analyze Document,62,176,32.77317753105247,70.18658876552624
Fix API,75,115,28.57538987344877,59.787694936724385
Write Report,74,188,62.35403997592199,90.977019987961
Test Module,79,54,34.30181544600403,51.650907723002014
Update Script,74,425,67.065641962511,140.7328209812555
Analyze Document,29,182,36.35140638401067,63.27570319200533
Fix API,50,208,32.000005106941344,72.60000255347067
Write Report,35,272,49.03123105418138,89.4156155270907
Test Module,40,427,60.00929083496706,127.40464541748354
Update Script,31,382,39.38568365596486,105.39284182798244
Analyze Document,59,268,28.767230476726755,85.68361523836337
Fix API,39,229,60.565977190857915,87.78298859542896
Write Report,74,298,47.73315419761488,105.66657709880744
Test Module,50,75,22.08228805512992,41.04114402756496
Update Script,54,143,39.38902409745634,64.49451204872817
Analyze Document,55,278,75.7225758024392,109.96128790121959
Fix API,13,90,47.830380810543254,45.81519040527162
Write Report,23,60,12.569996080131434,25.184998040065715
Test Module,41,239,72.21974417995062,96.2098720899753
Update Script,76,425,53.589969676450394,134.5949848382252
Analyze Document,24,266,10.791836291952569,65.79591814597629
Fix API,56,233,39.20613791887486,83.00306895943743
Write Report,52,59,36.814514019337665,45.80725700966883
Test Module,52,386,23.289025232781913,104.44451261639095
Update Script,39,272,46.26198812241439,89.2309940612072
Analyze Document,34,303,77.4848480594203,109.54242402971015
Fix API,26,486,79.28042691470462,144.6402134573523
Write Report,28,72,31.75361501943119,38.676807509715594
Test Module,73,330,17.077103092461346,96.43855154623068
Update Script,19,227,59.76218421377473,80.98109210688737
Analyze Document,46,466,25.828553060476878,119.91427653023844
Fix API,37,108,17.832490702831553,41.61624535141578
Write Report,58,349,46.2441243290123,110.32206216450614
Test Module,56,238,43.4884355767494,86.1442177883747
Update Script,59,144,29.647305129230844,61.32365256461542
Analyze Document,45,289,16.274139905321807,79.43706995266092
Fix API,33,251,10.56734987369328,65.38367493684665
Write Report,66,399,53.78038740085379,126.4901937004269
Test Module,61,471,50.94251237162231,137.97125618581114
Update Script,43,426,55.93199463681131,126.06599731840566
Analyze Document,37,483,47.03765147115393,131.21882573557696
Fix API,25,86,20.288986430783197,34.844493215391594
Write Report,45,323,55.50624237412028,105.85312118706015
Test Module,35,240,48.68799953403146,82.84399976701573
Update Script,35,220,27.915878189068096,68.45793909453405
Analyze Document,28,60,66.74247157531238,53.77123578765619
Fix API,72,291,72.16130340979163,115.88065170489581
Write Report,61,307,53.60671213967101,106.5033560698355
Test Module,69,413,60.14429571445936,133.3721478572297
Update Script,42,304,14.451517011210466,80.62575850560523
Analyze Document,49,463,60.967777902789315,137.78388895139466
Fix API,72,91,78.2228503803669,78.91142519018345
Write Report,70,264,19.187613854397416,83.39380692719872
Test Module,75,278,29.332332783419467,92.76616639170973
Update Script,44,241,69.46393694213587,96.13196847106795
Analyze Document,32,219,25.330280809824362,66.06514040491219
Fix API,10,399,43.27538306891226,104.43769153445615
Write Report,42,428,21.083751783769177,108.74187589188459
Test Module,58,310,25.517373183396007,92.15868659169801
Update Script,59,98,55.79155837113231,65.19577918556615
Analyze Document,8,190,59.75280629692945,70.27640314846472
Fix API,50,180,62.734096797878806,82.3670483989394
Write Report,7,448,76.74189191426868,130.07094595713434
Test Module,61,383,21.555048501005004,105.6775242505025
Update Script,54,479,42.33913880514965,133.16956940257484
Analyze Document,36,445,54.88156726031788,127.24078363015894
Fix API,36,116,19.940142720956807,43.9700713604784
Write Report,41,97,30.796237729472583,47.09811886473629
Test Module,12,131,74.15466308767249,66.87733154383625
Update Script,69,182,40.43437800804959,77.31718900402478
Analyze Document,42,215,70.71981133755358,90.9599056687768
Fix API,19,313,15.108860551060278,75.85443027553013
Write Report,11,326,28.270292643374965,82.63514632168749
Test Module,52,141,51.89123278031391,69.74561639015695
Update Script,9,304,10.402818685869166,68.7014093429346
Analyze Document,19,241,39.33826638189065,73.56913319094534
Fix API,72,64,33.55975000711703,51.179875003558514
Write Report,23,420,71.21001818265904,126.50500909132953
Test Module,35,249,36.87768450459657,78.7388422522983
Update Script,66,127,71.91327477487546,81.15663738743774
Analyze Document,52,197,13.126691359555988,61.563345679778
Fix API,32,461,14.861859778859666,109.23092988942983
Write Report,56,200,42.35085746843337,77.97542873421668
Test Module,47,74,25.00832261317698,41.40416130658849
Update Script,9,361,27.757729164133625,88.77886458206682
Analyze Document,19,490,18.513317220737868,112.95665861036893
Fix API,5,237,27.073250423246552,62.43662521162328
Write Report,17,367,31.016537628042858,94.00826881402143
Test Module,54,467,60.322075705214225,139.76103785260713
Update Script,23,445,16.402340767680474,104.10117038384024
Analyze Document,49,471,32.47725101811328,125.13862550905665
Fix API,37,335,10.584313118398175,83.39215655919908
Write Report,40,459,40.79753729197644,124.19876864598822
Test Module,50,325,47.63979492993901,103.8198974649695
Update Script,23,408,47.37466873813114,112.18733436906558
Analyze Document,54,415,64.47422584766797,131.43711292383398
Fix API,53,354,11.420392258663147,92.41019612933157
Write Report,34,96,79.15345731850799,68.976728659254
Test Module,48,445,25.568950490235434,116.18447524511772
Update Script,25,70,20.141571370199536,31.570785685099768
Analyze Document,19,383,36.81853682401608,100.70926841200804
Fix API,62,287,48.79593581470754,100.39796790735377
Write Report,70,219,28.886976811626614,79.24348840581332
Test Module,31,267,66.52319780786095,95.96159890393048
Update Script,49,172,50.21295851138964,74.20647925569482
Analyze Document,35,115,74.07287820823782,70.53643910411891
Fix API,53,64,44.51124663176363,50.955623315881816
Write Report,76,422,14.472905456012727,114.43645272800637
Test Module,27,77,41.75513588654293,44.377567943271465
Update Script,47,496,51.98420973278844,139.29210486639423
Analyze Document,23,495,39.945277228978874,125.87263861448945
Fix API,79,141,51.97807537591224,77.88903768795612
Write Report,80,416,18.974542676146992,116.6872713380735
Test Module,32,60,39.48445964976338,41.34222982488169
Update Script,72,318,56.047897561550315,113.22394878077516
Analyze Document,9,379,75.65862702695836,116.32931351347918
Fix API,68,130,20.636260406104768,56.71813020305238
Write Report,73,364,72.36183490717113,130.88091745358554
Test Module,7,273,54.61392207851759,84.0069610392588
Update Script,28,235,16.39996952831119,63.59998476415559
Analyze Document,44,88,75.74924904276169,68.67462452138085
Fix API,28,271,11.118327942840233,68.15916397142011
Write Report,30,407,24.918244840853443,102.85912242042673
Test Module,62,419,19.078636141832856,111.93931807091643
Update Script,35,387,45.058510294283366,110.42925514714169
Analyze Document,55,106,39.77412997184591,57.58706498592296
Fix API,52,464,56.234580355097236,136.51729017754863
Write Report,59,362,53.7863497827985,116.99317489139926
Test Module,74,66,76.68135403583237,73.74067701791618
Update Script,73,56,62.190407725570275,64.19520386278514
Analyze Document,29,344,75.10646817582081,115.0532340879104
Fix API,49,264,26.552058987563985,80.77602949378199
Write Report,27,455,52.1058379564955,125.15291897824774
Test Module,55,283,10.252855307136633,78.22642765356831
Update Script,65,360,11.662390209746702,97.33119510487334
Analyze Document,19,321,52.209306286248506,96.00465314312426
Fix API,80,195,46.27443926517345,86.13721963258672
Write Report,9,65,77.39781372091747,54.39890686045874
Test Module,17,135,68.83802370301963,66.51901185150982
Update Script,52,187,54.85072423814993,80.42536211907496
Analyze Document,9,175,48.535237742278646,61.96761887113932
Fix API,37,460,32.03429462157973,119.11714731078986
Write Report,58,396,45.54392928812907,119.37196464406453
Test Module,58,248,29.955360909442994,81.9776804547215
Update Script,67,52,37.90470704618991,49.452353523094956
Analyze Document,21,161,25.38795377127222,51.19397688563611
Fix API,75,223,47.00298718781343,90.60149359390671
Write Report,20,376,20.854722256600827,91.62736112830042
Test Module,7,340,72.72577927489061,106.4628896374453
Update Script,32,247,44.496231753797886,81.24811587689895
Analyze Document,6,184,13.146604023945923,45.173302011972964
Fix API,14,355,32.37976777983975,91.38988388991987
Write Report,29,482,46.47933114904352,128.33966557452177
Test Module,32,225,40.318768193818144,74.75938409690907
Update Script,17,152,77.57352350977096,74.28676175488548
Analyze Document,30,252,21.87480000320755,70.33740000160378
Fix API,40,82,55.15381544790989,55.97690772395495
Write Report,72,245,41.0547752273933,91.12738761369664
Test Module,65,100,27.35197386423547,53.17598693211774
Update Script,17,260,10.97356920945442,62.586784604727214
Analyze Document,17,420,65.83768636400677,122.01884318200338
Fix API,63,487,26.873531904044704,129.73676595202235
Write Report,44,295,23.513550833206857,83.95677541660343
Test Module,22,398,15.722062353634815,94.06103117681741
Update Script,22,350,23.70414373655661,88.4520718682783
Analyze Document,74,438,57.84139685954508,138.72069842977254
Fix API,51,152,19.883468839662633,55.64173441983132
Write Report,62,454,39.37811457616471,129.08905728808236
Test Module,37,171,63.43830042337613,77.01915021168807
Update Script,25,214,13.055307134654653,56.82765356732733
Analyze Document,44,382,25.071313215259394,102.1356566076297
Fix API,15,395,20.51354326477579,93.7567716323879
Write Report,47,452,14.190621120519893,111.59531056025995
Test Module,80,271,28.46262535198151,92.43131267599075
Update Script,43,166,50.41284740637098,71.30642370318549
Analyze Document,77,337,29.14557804970939,105.0727890248547
Fix API,76,147,35.35484265268188,69.87742132634094
Write Report,26,478,67.96126862676556,137.38063431338279
Test Module,24,417,27.374489650217477,104.28724482510874
Update Script,48,479,38.68935569130616,129.5446778456531
Analyze Document,23,413,59.68601458660983,119.34300729330494
Fix API,68,386,46.86814162343129,121.03407081171564
Write Report,19,126,26.74785505887332,44.27392752943666
Test Module,25,468,44.37923988058183,123.28961994029092
Update Script,52,58,56.73946303565123,55.569731517825616
Analyze Document,52,212,68.26189987190345,92.13094993595173
Fix API,23,285,29.656454024204617,78.72822701210231
Write Report,56,301,74.82261148197932,114.41130574098966
Test Module,38,249,34.02530206821093,78.21265103410546
Update Script,80,201,57.66043899318075,93.03021949659038
Analyze Document,70,106,58.12364390690724,71.26182195345362
Fix API,77,337,10.875561919173608,95.9377809595868
Write Report,11,205,21.927838055387987,55.26391902769399
Test Module,6,494,73.67532289018507,137.43766144509254
Update Script,59,385,63.25886200999316,126.32943100499658
Analyze Document,47,121,66.0619507615935,71.33097538079676
Fix API,42,452,75.39872001299796,140.69936000649898
Write Report,39,412,68.41770005258346,128.30885002629174
Test Module,76,424,17.99499098484267,116.59749549242134
Update Script,34,164,71.2770283436034,78.6385141718017
Analyze Document,13,432,22.56845174294402,101.58422587147203
Fix API,36,77,18.755096093684024,35.57754804684201
Write Report,10,165,42.105602694703954,57.05280134735197
Test Module,25,281,77.08221713483631,102.24110856741817
Update Script,79,454,27.500186570308287,128.25009328515415
Analyze Document,41,215,47.87261821435825,79.23630910717912
Fix API,24,306,66.15306081085757,101.47653040542879
Write Report,27,466,52.84764052188896,127.72382026094448
Test Module,55,81,75.45540656925755,70.42770328462878
Update Script,50,277,54.486370719224965,97.64318535961249
Analyze Document,11,161,45.614311129842136,58.30715556492107
Fix API,39,322,55.42833977090636,103.8141698854532
Write Report,19,378,39.16224695882533,100.88112347941268
Test Module,70,194,12.09487170057055,65.84743585028528
Update Script,50,126,23.295897146938692,51.84794857346935
Analyze Document,56,484,17.33062111530012,122.26531055765007
Fix API,60,70,38.89593668495236,51.44796834247618
Write Report,73,440,51.672750731649955,135.73637536582498
Test Module,49,488,29.785381903369803,127.19269095168491
Update Script,37,264,26.857949019440042,77.32897450972003
Analyze Document,35,311,37.11657326939524,91.25828663469763
Fix API,37,123,76.27069023737742,73.8353451186887
Write Report,69,337,34.77075440275848,105.48537720137925
Test Module,37,297,28.276811253173044,84.63840562658652
Update Script,41,442,15.92666969413437,108.66333484706719
Analyze Document,42,475,79.39710864668214,147.29855432334108
Fix API,58,470,20.14327783152982,121.47163891576491
Write Report,45,240,11.187503439185845,67.09375171959292
Test Module,22,286,37.32965525483715,82.46482762741857
Update Script,76,85,78.61988966802207,79.10994483401103
Analyze Document,7,68,19.50096571340103,25.450482856700518
Fix API,14,454,45.122328593606504,117.56116429680327
Write Report,41,295,77.88997562317762,110.2449878115888
Test Module,67,340,24.579277867015183,100.38963893350758
Update Script,72,70,57.73507479552981,64.4675373977649
Analyze Document,77,334,19.5662730877392,99.6831365438696
asds,43,70,0.0
Fix API,72,340,46.16569456752929,112.68284728376464
Write Report,22,253,33.68331625350008,74.04165812675004
Test Module,14,268,32.14949974145884,73.87474987072943
Update Script,60,382,67.30485217133652,128.05242608566826
Analyze Document,53,300,42.162143098062415,96.98107154903121
asds,15,293,75.93521149007718,101.06760574503859
Fix API,76,165,15.265317944852894,63.432658972426445
Write Report,54,260,31.81684901247824,84.10842450623912
Test Module,66,272,11.09584301005847,79.74792150502924
Update Script,5,208,25.470872160229803,55.8354360801149
Analyze Document,5,75,53.984138285050925,43.492069142525466
asds,60,161,71.10425903313111,85.75212951656556
Fix API,60,154,25.304395623265457,61.45219781163273
Write Report,39,327,31.97265764731851,93.08632882365926
Test Module,71,357,65.73603059924534,125.56801529962267
Update Script,48,178,67.79201248340028,83.89600624170015
Analyze Document,72,81,70.88107637909602,73.240538189548
asds,26,353,64.51842968049783,110.65921484024892
Fix API,20,364,26.485270032741223,92.04263501637061
Write Report,72,468,36.44885056388678,133.4244252819434
Test Module,8,174,12.340536183236868,43.370268091618435
Update Script,9,447,44.51195152190284,114.35597576095142
Analyze Document,46,197,36.76475877050467,71.58237938525234
asds,48,207,19.883258455448534,65.74162922772427
Fix API,18,455,69.42063330416639,131.1103166520832
Write Report,20,497,15.19039543829218,112.99519771914609
Test Module,14,294,59.993056438162206,92.99652821908111
Update Script,49,432,57.84247157560597,130.021235787803
Analyze Document,47,266,69.51619766086165,102.05809883043082
asds,73,340,76.12852846925456,127.96426423462728
Fix API,10,67,52.97363201075889,42.886816005379444
Write Report,54,81,55.41524527261154,60.10762263630577
Test Module,67,412,66.04790777359902,135.52395388679952
Update Script,28,198,33.27959060583626,64.63979530291813
Analyze Document,35,375,43.34499451433607,107.17249725716803
asds,19,118,68.59150279920821,63.59575139960411
Fix API,77,465,11.012454095568389,121.60622704778419
Write Report,27,495,75.84377329921749,145.02188664960875
Test Module,68,118,21.166656194259197,54.583328097129595
Update Script,28,329,18.311452631158552,83.35572631557928
Analyze Document,44,310,53.6043890700831,102.00219453504155
asds,12,359,28.178084601791255,89.48904230089562
Fix API,48,491,16.48670032705791,120.84335016352895
Write Report,60,425,71.1375572894885,138.56877864474424
Test Module,26,178,11.274879892998257,49.03743994649913
Update Script,20,469,76.98098584434169,138.29049292217087
Analyze Document,80,161,34.557046242634385,73.4785231213172
asds,65,243,63.21373056324039,99.7068652816202
Fix API,75,182,29.025724690931565,73.41286234546578
Write Report,50,391,60.530157061874284,123.46507853093715
Test Module,59,387,24.919281064507175,107.5596405322536
Update Script,78,114,36.88897378963054,64.64448689481527
Analyze Document,79,120,21.658705817878786,58.529352908939394
asds,78,303,78.58493248191029,123.29246624095515
Fix API,63,481,10.06190809831596,120.13095404915798
Write Report,77,246,26.55216996134229,85.57608498067114
Test Module,35,244,76.46221612360733,97.53110806180368
Update Script,21,461,13.011226707894707,105.00561335394735
Analyze Document,73,52,16.514707982706433,40.55735399135321
asds,21,230,72.59023549009972,88.59511774504986
Fix API,5,117,41.920852399124826,35.878098967282355
Write Report,35,450,74.2097248939155,68.05197441301071
Test Module,47,250,50.34474194497955,47.762688394883234
Update Script,50,293,27.107635893837024,29.365261432946358
Analyze Document,15,326,78.63724055540864,68.76653725543508
asds,54,304,15.756933893977555,20.516685793061598
Fix API,39,281,38.075641996360815,37.26102643701587
Write Report,44,352,60.97219027029099,57.1251960216386
Test Module,68,496,74.21785326120902,71.44263967419138
Update Script,59,358,63.00970904628333,60.19996141795232
Analyze Document,42,384,51.08851074493921,49.128578810850144
asds,11,476,52.38675228033214,48.23113686987236
Fix API,12,152,76.96148354546673,65.55641650728272
Write Report,77,407,60.267036509604296,60.01196993787552
Test Module,61,104,46.66501313520067,44.69131077086455
Update Script,30,325,53.36561198697023,49.384801829315585
Analyze Document,64,113,65.98098294890183,60.8814060180995
asds,7,422,76.41258053225319,67.08631603644761
Fix API,43,302,79.23003711118565,71.55663043117224
Write Report,5,161,61.143051020668665,52.036301836948304
Test Module,44,204,31.397055531556127,31.541585535876024
Update Script,50,227,45.87442851828345,44.16003138499243
Analyze Document,60,371,69.80071188020726,65.97558374176995
asds,12,373,44.28671480534194,40.752106140380384
Fix API,25,485,72.13728130922061,65.7675706735609
Write Report,45,372,27.09993337811578,29.619945370054936
Test Module,48,202,55.1990542252424,51.401224464698764
Update Script,26,235,73.8692112237037,65.02775320343703
Analyze Document,77,220,62.24084572153652,59.94749349165994
asds,65,53,45.13282245397366,43.3359144122584
Fix API,67,345,65.64358020851816,62.962735770984885
Write Report,37,154,54.78578510972288,49.64034378997276
Test Module,68,214,12.52658451655661,18.31779930357642
Update Script,8,420,20.118377420971456,20.997069485196594
Analyze Document,5,302,24.65869724249998,23.38813173884998
asds,64,242,50.89810795722841,49.67444852492729
Fix API,13,488,55.1668885455918,50.798848607385274
Write Report,14,183,32.18003058087416,29.29462507631681
Test Module,67,137,23.843534882853458,26.81469860393983
Update Script,17,248,24.84776750583552,24.137169354785126
Analyze Document,80,299,69.72946278817582,67.06915948630417
asds,55,83,27.451930179141844,28.207582746896307
Fix API,7,86,43.983500033853986,37.470470027760264
Write Report,27,211,63.28256650552783,56.22070453453282
Test Module,36,95,58.07736500114732,51.7184393009408
Update Script,12,55,15.385312522783774,14.190956268682694
Analyze Document,60,333,49.614867182698745,49.08119108981297
asds,25,234,35.76262874674434,33.68135557233036
Fix API,76,100,57.33245444079043,54.75261264144815
Write Report,10,477,78.00686494037139,69.15862925110453
Test Module,64,120,52.18028837860839,49.627836470458874
Update Script,66,474,38.46154883981788,41.744470048650655
Analyze Document,27,72,26.07760743109239,24.461638093495758
asds,11,258,12.340731085802798,13.431399490358293
Fix API,20,440,19.501887865270884,21.75154804952212
Write Report,14,149,33.57970466622744,30.1363578263065
Test Module,65,191,15.697251950073781,20.4407465990605
Update Script,64,54,44.77907998569497,42.964845588269874
Analyze Document,29,458,30.107299805656428,31.41998584063827
asds,54,165,65.35526683073265,59.93631880120077
